/*
Navicat MySQL Data Transfer

Source Server         : MySQL80
Source Server Version : 80029
Source Host           : localhost:3306
Source Database       : reggie

Target Server Type    : MYSQL
Target Server Version : 80029
File Encoding         : 65001

Date: 2022-09-04 21:39:05
*/

SET FOREIGN_KEY_CHECKS=0;

-- ----------------------------
-- Table structure for `address_book`
-- ----------------------------
DROP TABLE IF EXISTS `address_book`;
CREATE TABLE `address_book` (
  `id` bigint NOT NULL COMMENT '主键',
  `user_id` bigint NOT NULL COMMENT '用户id',
  `consignee` varchar(50) CHARACTER SET utf8mb3 COLLATE utf8_bin NOT NULL COMMENT '收货人',
  `sex` tinyint NOT NULL COMMENT '性别 0 女 1 男',
  `phone` varchar(11) CHARACTER SET utf8mb3 COLLATE utf8_bin NOT NULL COMMENT '手机号',
  `province_code` varchar(12) CHARACTER SET utf8mb4 COLLATE utf8mb4_0900_ai_ci DEFAULT NULL COMMENT '省级区划编号',
  `province_name` varchar(32) CHARACTER SET utf8mb4 COLLATE utf8mb4_0900_ai_ci DEFAULT NULL COMMENT '省级名称',
  `city_code` varchar(12) CHARACTER SET utf8mb4 COLLATE utf8mb4_0900_ai_ci DEFAULT NULL COMMENT '市级区划编号',
  `city_name` varchar(32) CHARACTER SET utf8mb4 COLLATE utf8mb4_0900_ai_ci DEFAULT NULL COMMENT '市级名称',
  `district_code` varchar(12) CHARACTER SET utf8mb4 COLLATE utf8mb4_0900_ai_ci DEFAULT NULL COMMENT '区级区划编号',
  `district_name` varchar(32) CHARACTER SET utf8mb4 COLLATE utf8mb4_0900_ai_ci DEFAULT NULL COMMENT '区级名称',
  `detail` varchar(200) CHARACTER SET utf8mb4 COLLATE utf8mb4_0900_ai_ci DEFAULT NULL COMMENT '详细地址',
  `label` varchar(100) CHARACTER SET utf8mb4 COLLATE utf8mb4_0900_ai_ci DEFAULT NULL COMMENT '标签',
  `is_default` tinyint(1) NOT NULL DEFAULT '0' COMMENT '默认 0 否 1是',
  `create_time` datetime NOT NULL COMMENT '创建时间',
  `update_time` datetime NOT NULL COMMENT '更新时间',
  `create_user` bigint NOT NULL COMMENT '创建人',
  `update_user` bigint NOT NULL COMMENT '修改人',
  `is_deleted` int NOT NULL DEFAULT '0' COMMENT '是否删除',
  PRIMARY KEY (`id`) USING BTREE
) ENGINE=InnoDB DEFAULT CHARSET=utf8mb3 COLLATE=utf8_bin COMMENT='地址管理';

-- ----------------------------
-- Records of address_book
-- ----------------------------
INSERT INTO `address_book` VALUES ('1417414526093082626', '1417012167126876162', '小明', '1', '13812345678', null, null, null, null, null, null, '昌平区金燕龙办公楼', '公司', '1', '2021-07-20 17:22:12', '2021-07-20 17:26:33', '1417012167126876162', '1417012167126876162', '0');
INSERT INTO `address_book` VALUES ('1417414926166769666', '1417012167126876162', '小李', '1', '13512345678', null, null, null, null, null, null, '测试', '家', '0', '2021-07-20 17:23:47', '2021-07-20 17:23:47', '1417012167126876162', '1417012167126876162', '0');
INSERT INTO `address_book` VALUES ('1565617573624811521', '1565617075123392514', '张三', '1', '15512345678', null, null, null, null, null, null, '18栋', '学校', '1', '2022-09-02 16:28:12', '2022-09-04 21:03:27', '1565617075123392514', '1565617075123392514', '0');
INSERT INTO `address_book` VALUES ('1565617657892573185', '1565617075123392514', '李四', '0', '13312345678', null, null, null, null, null, null, '18栋', '学校', '0', '2022-09-02 16:28:32', '2022-09-04 21:00:07', '1565617075123392514', '1565617075123392514', '0');
INSERT INTO `address_book` VALUES ('1566410919326781442', '1565617075123392514', '小红', '0', '13112345678', null, null, null, null, null, null, '图书馆', '学校', '0', '2022-09-04 21:00:40', '2022-09-04 21:00:40', '1565617075123392514', '1565617075123392514', '0');

-- ----------------------------
-- Table structure for `category`
-- ----------------------------
DROP TABLE IF EXISTS `category`;
CREATE TABLE `category` (
  `id` bigint NOT NULL COMMENT '主键',
  `type` int DEFAULT NULL COMMENT '类型   1 菜品分类 2 套餐分类',
  `name` varchar(64) CHARACTER SET utf8mb3 COLLATE utf8_bin NOT NULL COMMENT '分类名称',
  `sort` int NOT NULL DEFAULT '0' COMMENT '顺序',
  `create_time` datetime NOT NULL COMMENT '创建时间',
  `update_time` datetime NOT NULL COMMENT '更新时间',
  `create_user` bigint NOT NULL COMMENT '创建人',
  `update_user` bigint NOT NULL COMMENT '修改人',
  PRIMARY KEY (`id`) USING BTREE,
  UNIQUE KEY `idx_category_name` (`name`)
) ENGINE=InnoDB DEFAULT CHARSET=utf8mb3 COLLATE=utf8_bin COMMENT='菜品及套餐分类';

-- ----------------------------
-- Records of category
-- ----------------------------
INSERT INTO `category` VALUES ('1397844263642378242', '1', '湘菜', '1', '2021-05-27 09:16:58', '2022-08-21 22:06:10', '1', '1');
INSERT INTO `category` VALUES ('1397844303408574465', '1', '川菜', '2', '2021-05-27 09:17:07', '2021-06-02 14:27:22', '1', '1');
INSERT INTO `category` VALUES ('1397844391040167938', '1', '粤菜', '3', '2021-05-27 09:17:28', '2021-07-09 14:37:13', '1', '1');
INSERT INTO `category` VALUES ('1413341197421846529', '1', '饮品', '11', '2021-07-09 11:36:15', '2022-04-18 16:38:48', '1', '1');
INSERT INTO `category` VALUES ('1413342269393674242', '2', '商务套餐', '5', '2021-07-09 11:40:30', '2021-07-09 14:43:45', '1', '1');
INSERT INTO `category` VALUES ('1413384954989060097', '1', '主食', '12', '2021-07-09 14:30:07', '2022-08-22 17:10:52', '1', '1');
INSERT INTO `category` VALUES ('1413386191767674881', '2', '儿童套餐', '6', '2021-07-09 14:35:02', '2021-07-09 14:39:05', '1', '1');
INSERT INTO `category` VALUES ('1515923243633070081', '1', '新鲜果蔬', '10', '2022-04-18 13:20:40', '2022-04-18 13:20:40', '1', '1');
INSERT INTO `category` VALUES ('1515923422104899586', '1', '鲁菜', '4', '2022-04-18 13:21:23', '2022-04-19 17:55:15', '1', '1');
INSERT INTO `category` VALUES ('1515923818173026306', '2', '拌酱佐料', '5', '2022-04-18 13:22:57', '2022-04-18 13:22:57', '1', '1');
INSERT INTO `category` VALUES ('1516353794261180417', '2', '中式快餐', '5', '2022-04-19 17:51:32', '2022-08-22 17:13:38', '1', '1');
INSERT INTO `category` VALUES ('1516361191348248577', '2', '西餐', '5', '2022-04-19 18:20:55', '2022-04-19 18:20:55', '1', '1');
INSERT INTO `category` VALUES ('1561204044696141826', '1', '赣菜', '3', '2022-08-21 12:10:25', '2022-08-21 12:10:25', '1', '1');
INSERT INTO `category` VALUES ('1561204465091231745', '1', '闽菜', '13', '2022-08-21 12:12:05', '2022-08-21 12:12:05', '1', '1');
INSERT INTO `category` VALUES ('1561330737364656130', '2', '炸鸡套餐', '5', '2022-08-21 20:33:51', '2022-08-21 20:33:51', '1', '1');

-- ----------------------------
-- Table structure for `dish`
-- ----------------------------
DROP TABLE IF EXISTS `dish`;
CREATE TABLE `dish` (
  `id` bigint NOT NULL COMMENT '主键',
  `name` varchar(64) CHARACTER SET utf8mb3 COLLATE utf8_bin NOT NULL COMMENT '菜品名称',
  `category_id` bigint NOT NULL COMMENT '菜品分类id',
  `price` decimal(10,2) DEFAULT NULL COMMENT '一般商品的价格在数据库中存储的单位 是分（分、角、元）',
  `code` varchar(64) CHARACTER SET utf8mb3 COLLATE utf8_bin NOT NULL COMMENT '商品码',
  `image` varchar(200) CHARACTER SET utf8mb3 COLLATE utf8_bin NOT NULL COMMENT '图片',
  `description` varchar(400) CHARACTER SET utf8mb3 COLLATE utf8_bin DEFAULT NULL COMMENT '描述信息',
  `status` int NOT NULL DEFAULT '1' COMMENT '0 停售 1 起售',
  `sort` int NOT NULL DEFAULT '0' COMMENT '顺序',
  `create_time` datetime NOT NULL COMMENT '创建时间',
  `update_time` datetime NOT NULL COMMENT '更新时间',
  `create_user` bigint NOT NULL COMMENT '创建人',
  `update_user` bigint NOT NULL COMMENT '修改人',
  `is_deleted` int NOT NULL DEFAULT '0' COMMENT '是否删除',
  PRIMARY KEY (`id`) USING BTREE,
  UNIQUE KEY `idx_dish_name` (`name`)
) ENGINE=InnoDB DEFAULT CHARSET=utf8mb3 COLLATE=utf8_bin COMMENT='菜品管理';

-- ----------------------------
-- Records of dish
-- ----------------------------
INSERT INTO `dish` VALUES ('1397849739276890114', '辣子鸡', '1397844303408574465', '2800.00', '222222222', '3671788f-f0c5-48a7-93c0-0835a05c4d18.png', '来自鲜嫩美味的小鸡，值得一尝，辣子辣子辣子鸡？？', '1', '0', '2021-05-27 09:38:43', '2022-08-31 11:00:24', '1', '1', '0');
INSERT INTO `dish` VALUES ('1397850140982161409', '毛氏红烧肉', '1397844263642378242', '4800.00', '123412341234', 'c1ed0a59-9bc7-433a-af63-c3672db3662c.png', '毛氏红烧肉毛氏红烧肉，确定不来一份？', '1', '0', '2021-05-27 09:40:19', '2022-09-02 22:04:58', '1', '1565617075123392514', '0');
INSERT INTO `dish` VALUES ('1397850392090947585', '组庵鱼翅', '1397844263642378242', '2600.00', '123412341234', '0e53d63a-d75b-451a-a13e-2e6157edfa58.png', '组庵鱼翅，看图足以表明好吃程度', '1', '0', '2021-05-27 09:41:19', '2022-09-03 23:48:47', '1', '1565617075123392514', '0');
INSERT INTO `dish` VALUES ('1397850851245600769', '霸王别姬', '1397844263642378242', '18800.00', '123412341234', 'a9ebbd80-12b9-47b1-a02f-4d9a44556996.png', '还有什么比霸王别姬更美味的呢？', '1', '0', '2021-05-27 09:43:08', '2022-08-31 11:13:35', '1', '1', '0');
INSERT INTO `dish` VALUES ('1397851099502260226', '全家福', '1397844263642378242', '7800.00', '23412341234', '57a3ad25-ee74-4d56-bcec-3b3c07ffe9f4.png', '别光吃肉啦，来份全家福吧，让你长寿又美味', '1', '0', '2021-05-27 09:44:08', '2022-08-31 11:12:30', '1', '1', '0');
INSERT INTO `dish` VALUES ('1397851370462687234', '邵阳猪血丸子', '1397844263642378242', '13800.00', '1246812345678', 'dc843413-3259-42fd-8a25-6ccc650b564c.png', '看，美味不？来嘛来嘛，这才是最爱吖', '1', '0', '2021-05-27 09:45:12', '2022-08-31 11:11:10', '1', '1', '0');
INSERT INTO `dish` VALUES ('1397851668262465537', '口味蛇', '1397844263642378242', '20800.00', '1234567812345678', 'b2ea6ab0-a639-4b77-be68-350294d9d348.png', '爬行界的扛把子，东兴-口味蛇，让你欲罢不能', '1', '0', '2021-05-27 09:46:23', '2022-08-31 11:10:19', '1', '1', '0');
INSERT INTO `dish` VALUES ('1397852391150759938', '辣子鸡丁', '1397844303408574465', '3200.00', '2346812468', 'd5ed4aaa-b99a-4555-85a8-b3e126e94cfe.png', '辣子鸡丁，妈妈的味道！', '1', '0', '2021-05-27 09:49:16', '2022-09-02 22:12:25', '1', '1565617075123392514', '0');
INSERT INTO `dish` VALUES ('1397853183287013378', '麻辣兔头', '1397844303408574465', '9900.00', '123456787654321', '9eb55452-749c-4cbc-a956-ed98b9845706.png', '麻辣兔头的详细制作，麻辣鲜香，色泽红润，回味悠长', '1', '0', '2021-05-27 09:52:24', '2022-08-31 11:07:27', '1', '1', '0');
INSERT INTO `dish` VALUES ('1397853709101740034', '蒜泥白肉', '1397844303408574465', '5800.00', '1234321234321', '460fa9fc-3272-402a-8128-d38491f2a32f.png', '多么的有食欲啊', '1', '0', '2021-05-27 09:54:30', '2022-08-31 11:06:26', '1', '1', '0');
INSERT INTO `dish` VALUES ('1397853890262118402', '鱼香肉丝', '1397844303408574465', '2800.00', '1234212321234', '83814ce6-aa30-4e90-9ca3-e7692435f88e.png', '鱼香肉丝简直就是我们童年回忆的一道经典菜，上学的时候点个鱼香肉丝盖饭坐在宿舍床上看着肥皂剧，绝了！现在完美复刻一下上学的时候感觉', '1', '0', '2021-05-27 09:55:13', '2022-08-31 11:05:19', '1', '1', '0');
INSERT INTO `dish` VALUES ('1397854652581064706', '麻辣水煮鱼', '1397844303408574465', '10800.00', '2345312·345321', '5ca05dbf-5068-4301-b3a3-57533c45344b.png', '鱼片是买的切好的鱼片，放几个虾，增加味道', '1', '0', '2021-05-27 09:58:15', '2022-08-31 11:03:58', '1', '1', '0');
INSERT INTO `dish` VALUES ('1397854865672679425', '鱼香炒鸡蛋', '1397844303408574465', '2200.00', '23456431·23456', '9334fa83-122d-4ceb-9cd7-07e0a06f191e.png', '鱼香菜也是川味的特色。里面没有鱼却鱼香味', '1', '0', '2021-05-27 09:59:06', '2022-08-31 11:02:52', '1', '1', '0');
INSERT INTO `dish` VALUES ('1397860242057375745', '脆皮烧鹅', '1397844391040167938', '12800.00', '123456786543213456', '5c2d3a52-1437-422b-b5cd-af3e983e96b1.png', '“广东烤鸭美而香，却胜烧鹅说古冈（今新会），燕瘦环肥各佳妙，君休偏重便宜坊”，可见烧鹅与烧鸭在粤菜之中已早负盛名。作为广州最普遍和最受欢迎的烧烤肉食，以它的“色泽金红，皮脆肉嫩，味香可口”的特色，在省城各大街小巷的烧卤店随处可见。', '1', '0', '2021-05-27 10:20:27', '2022-08-31 11:01:30', '1', '1', '0');
INSERT INTO `dish` VALUES ('1397860578738352129', '白切鸡', '1397844391040167938', '3600.00', '12345678654', '0ec5f333-70fe-456e-950f-ea051a20cb3b.png', '白切鸡是一道色香味俱全的特色传统名肴，又叫白斩鸡，是粤菜系鸡肴中的一种，始于清代的民间。白切鸡通常选用细骨农家鸡与沙姜、蒜茸等食材，慢火煮浸白切鸡皮爽肉滑，清淡鲜美。著名的泮溪酒家白切鸡，曾获商业部优质产品金鼎奖。湛江白切鸡更是驰名粤港澳。粤菜厨坛中，鸡的菜式有200余款之多，而最为人常食不厌的正是白切鸡，深受食家青睐。', '1', '0', '2021-05-27 10:21:48', '2022-09-02 22:04:30', '1', '1565617075123392514', '0');
INSERT INTO `dish` VALUES ('1397860792492666881', '烤乳猪', '1397844391040167938', '28800.00', '213456432123456', '9f1eca94-27c8-41f1-b3a5-ac22ce71fe1a.png', '广式烧乳猪主料是小乳猪，辅料是蒜，调料是五香粉、芝麻酱、八角粉等，本菜品主要通过将食材放入炭火中烧烤而成。烤乳猪是广州最著名的特色菜，并且是“满汉全席”中的主打菜肴之一。烤乳猪也是许多年来广东人祭祖的祭品之一，是家家都少不了的应节之物，用乳猪祭完先人后，亲戚们再聚餐食用。', '1', '0', '2021-05-27 10:22:39', '2022-08-31 10:59:08', '1', '1', '0');
INSERT INTO `dish` VALUES ('1397860963880316929', '脆皮乳鸽', '1397844391040167938', '4800.00', '1234563212345', '54e0490a-5f4d-41c6-9fe9-694c9447fc0b.png', '“脆皮乳鸽”是广东菜中的一道传统名菜，属于粤菜系，具有皮脆肉嫩、色泽红亮、鲜香味美的特点，常吃可使身体强健，清肺顺气。随着菜品制作工艺的不断发展，逐渐形成了熟炸法、生炸法和烤制法三种制作方法。无论那种制作方法，都是在鸽子经过一系列的加工，挂脆皮水后再加工而成，正宗的“脆皮乳鸽皮脆肉嫩、色泽红亮、鲜香味美、香气馥郁。这三种方法的制作过程都不算复杂，但想达到理想的效果并不容易。', '1', '0', '2021-05-27 10:23:19', '2022-08-31 10:57:51', '1', '1', '0');
INSERT INTO `dish` VALUES ('1397861683434139649', '清蒸小海鲜', '1397844391040167938', '3800.00', '1234567876543213456', '456628f5-aad1-491e-85a1-3ce466168a1d.png', '新鲜的海鲜，清蒸是最好的处理方式。鲜，体会为什么叫海鲜。清蒸是广州最经典的烹饪手法，过去岭南地区由于峻山大岭阻隔，交通不便，经济发展起步慢，自家打的鱼放在锅里煮了就吃，没有太多的讲究，但却发现这清淡的煮法能使鱼的鲜甜跃然舌尖。', '1', '0', '2021-05-27 10:26:11', '2022-08-31 10:56:37', '1', '1', '0');
INSERT INTO `dish` VALUES ('1397862198033297410', '老火靓汤', '1397844391040167938', '1600.00', '123456786532455', 'a0cf73a1-51fa-4ff7-97f0-d48e687bccc8.png', '老火靓汤又称广府汤，是广府人传承数千年的食补养生秘方，慢火煲煮的中华老火靓汤，火候足，时间长，既取药补之效，又取入口之甘甜。 广府老火汤种类繁多，可以用各种汤料和烹调方法，烹制出各种不同口味、不同功效的汤来。', '1', '0', '2021-05-27 10:28:14', '2022-08-31 10:55:09', '1', '1', '0');
INSERT INTO `dish` VALUES ('1397862477831122945', '上汤焗龙虾', '1397844391040167938', '2800.00', '1234567865432', '74aee4aa-0905-4275-a019-5ed2a6253baa.png', '上汤焗龙虾是一道色香味俱全的传统名菜，属于粤菜系。此菜以龙虾为主料，配以高汤制成的一道海鲜美食。本品肉质洁白细嫩，味道鲜美，蛋白质含量高，脂肪含量低，营养丰富。是色香味俱全的传统名菜。', '1', '0', '2021-05-27 10:29:20', '2022-08-31 10:53:46', '1', '1', '0');
INSERT INTO `dish` VALUES ('1413342036832100354', '北冰洋', '1413341197421846529', '400.00', '', '67b21432-4524-4663-9e72-a9313b2c226c.png', '北冰洋汽水碳酸饮料', '1', '0', '2021-07-09 11:39:35', '2022-08-31 10:51:57', '1', '1', '0');
INSERT INTO `dish` VALUES ('1413384757047271425', '王老吉', '1413341197421846529', '350.00', '', 'fcd1566a-33be-4aa3-9c6d-d6376022b934.png', '传统凉茶王老吉', '1', '0', '2021-07-09 14:29:20', '2022-08-31 10:49:34', '1', '1', '0');
INSERT INTO `dish` VALUES ('1413385247889891330', '米饭', '1413384954989060097', '150.00', '', '9fd87efc-5688-49fd-b9af-85558655a93a.png', '香喷喷的米饭', '1', '0', '2021-07-09 14:31:17', '2022-08-31 10:50:39', '1', '1', '0');
INSERT INTO `dish` VALUES ('1516233489270272001', 'test001', '1397844263642378242', '2600.00', '', 'e102ece4-ceb3-4ad1-af1f-7e71f227ed42.jpg', '测试方法。。。哈哈', '1', '0', '2022-04-19 09:53:29', '2022-08-28 21:36:29', '1', '1', '1');
INSERT INTO `dish` VALUES ('1516234945234825218', '佛跳墙', '1561204465091231745', '1400.00', '', '5ad4ba0f-7ba0-4574-ae5c-af90b9635b5b.png', '佛跳墙，就是好吃！', '1', '0', '2022-04-19 09:59:16', '2022-09-01 14:28:40', '1', '1', '0');
INSERT INTO `dish` VALUES ('1516423503891415041', 'user001', '1397844391040167938', '2300.00', '', '535e7865-9f2b-43a9-9baa-486f0658d961.jpg', 'dish test!', '1', '0', '2022-04-19 22:28:32', '2022-08-28 21:18:22', '1', '1', '1');
INSERT INTO `dish` VALUES ('1563169852892667906', 'hhhhh', '1397844303408574465', '1400.00', '', '8b5c69ac-f46c-45d5-ae94-c187060ca7e2.jpg', '无', '1', '0', '2022-08-26 22:21:50', '2022-08-28 21:36:29', '1', '1', '1');
INSERT INTO `dish` VALUES ('1563173208843399170', 'lllll', '1397844263642378242', '1500.00', '', '86b9170c-fd1e-4150-92bf-8bbe1fd30f3e.jpg', 'hhhhll', '1', '0', '2022-08-26 22:35:10', '2022-08-30 16:59:48', '1', '1', '1');
INSERT INTO `dish` VALUES ('1564443813446258690', '赣南小炒鱼', '1561204044696141826', '2500.00', '', '973950d9-0d7d-4767-84e0-0dc4956ca402.png', '赣南特色炒鱼，好吃！', '1', '0', '2022-08-30 10:44:06', '2022-08-31 11:15:53', '1', '1', '0');

-- ----------------------------
-- Table structure for `dish_flavor`
-- ----------------------------
DROP TABLE IF EXISTS `dish_flavor`;
CREATE TABLE `dish_flavor` (
  `id` bigint NOT NULL COMMENT '主键',
  `dish_id` bigint NOT NULL COMMENT '菜品',
  `name` varchar(64) CHARACTER SET utf8mb3 COLLATE utf8_bin NOT NULL COMMENT '口味名称',
  `value` varchar(500) CHARACTER SET utf8mb3 COLLATE utf8_bin DEFAULT NULL COMMENT '口味数据list',
  `create_time` datetime NOT NULL COMMENT '创建时间',
  `update_time` datetime NOT NULL COMMENT '更新时间',
  `create_user` bigint NOT NULL COMMENT '创建人',
  `update_user` bigint NOT NULL COMMENT '修改人',
  `is_deleted` int NOT NULL DEFAULT '0' COMMENT '是否删除',
  PRIMARY KEY (`id`) USING BTREE
) ENGINE=InnoDB DEFAULT CHARSET=utf8mb3 COLLATE=utf8_bin COMMENT='菜品口味关系表';

-- ----------------------------
-- Records of dish_flavor
-- ----------------------------
INSERT INTO `dish_flavor` VALUES ('1397849417888346113', '1516234945234825218', '辣度', '[\"不辣\",\"微辣\",\"中辣\",\"重辣\"]', '2022-09-01 14:28:40', '2022-09-01 14:28:40', '1', '1', '0');
INSERT INTO `dish_flavor` VALUES ('1397849739297861633', '1397849739276890114', '忌口', '[\"不要葱\",\"不要蒜\",\"不要香菜\",\"不要辣\"]', '2022-08-31 11:00:24', '2022-08-31 11:00:24', '1', '1', '0');
INSERT INTO `dish_flavor` VALUES ('1397849739323027458', '1397849739276890114', '辣度', '[\"不辣\",\"微辣\",\"中辣\",\"重辣\"]', '2022-08-31 11:00:24', '2022-08-31 11:00:24', '1', '1', '0');
INSERT INTO `dish_flavor` VALUES ('1397849936421761025', '1397849936404983809', '忌口', '[\"不要葱\",\"不要蒜\",\"不要香菜\",\"不要辣\"]', '2021-05-27 09:39:30', '2021-05-27 09:39:30', '1', '1', '0');
INSERT INTO `dish_flavor` VALUES ('1397849936438538241', '1397849936404983809', '辣度', '[\"不辣\",\"微辣\",\"中辣\",\"重辣\"]', '2021-05-27 09:39:30', '2021-05-27 09:39:30', '1', '1', '0');
INSERT INTO `dish_flavor` VALUES ('1397850141015715841', '1397850140982161409', '忌口', '[\"不要葱\",\"不要蒜\",\"不要香菜\",\"不要辣\"]', '2022-09-02 22:04:58', '2022-09-02 22:04:58', '1565617075123392514', '1565617075123392514', '0');
INSERT INTO `dish_flavor` VALUES ('1397850141040881665', '1397850140982161409', '辣度', '[\"不辣\",\"微辣\",\"中辣\",\"重辣\"]', '2022-09-02 22:04:58', '2022-09-02 22:04:58', '1565617075123392514', '1565617075123392514', '0');
INSERT INTO `dish_flavor` VALUES ('1397850392120307713', '1397850392090947585', '辣度', '[\"不辣\",\"微辣\",\"中辣\",\"重辣\"]', '2022-09-03 23:48:47', '2022-09-03 23:48:47', '1565617075123392514', '1565617075123392514', '0');
INSERT INTO `dish_flavor` VALUES ('1397850630734262274', '1397850630700707841', '忌口', '[\"不要葱\",\"不要蒜\",\"不要香菜\",\"不要辣\"]', '2021-05-27 09:42:16', '2021-05-27 09:42:16', '1', '1', '0');
INSERT INTO `dish_flavor` VALUES ('1397850630755233794', '1397850630700707841', '辣度', '[\"微辣\",\"中辣\",\"重辣\"]', '2021-05-27 09:42:16', '2021-05-27 09:42:16', '1', '1', '0');
INSERT INTO `dish_flavor` VALUES ('1397850851274960898', '1397850851245600769', '忌口', '[\"不要蒜\",\"不要香菜\",\"不要辣\"]', '2022-08-31 11:13:35', '2022-08-31 11:13:35', '1', '1', '0');
INSERT INTO `dish_flavor` VALUES ('1397850851283349505', '1397850851245600769', '辣度', '[\"不辣\",\"微辣\",\"中辣\",\"重辣\"]', '2022-08-31 11:13:35', '2022-08-31 11:13:35', '1', '1', '0');
INSERT INTO `dish_flavor` VALUES ('1397851099523231745', '1397851099502260226', '忌口', '[\"不要葱\",\"不要蒜\",\"不要香菜\",\"不要辣\"]', '2022-08-31 11:12:30', '2022-08-31 11:12:30', '1', '1', '0');
INSERT INTO `dish_flavor` VALUES ('1397851099527426050', '1397851099502260226', '辣度', '[\"不辣\",\"微辣\",\"中辣\"]', '2022-08-31 11:12:30', '2022-08-31 11:12:30', '1', '1', '0');
INSERT INTO `dish_flavor` VALUES ('1397851370483658754', '1397851370462687234', '温度', '[\"热饮\",\"常温\",\"去冰\",\"少冰\",\"多冰\"]', '2022-08-31 11:11:10', '2022-08-31 11:11:10', '1', '1', '0');
INSERT INTO `dish_flavor` VALUES ('1397851370483658755', '1397851370462687234', '忌口', '[\"不要葱\",\"不要蒜\",\"不要香菜\",\"不要辣\"]', '2022-08-31 11:11:10', '2022-08-31 11:11:10', '1', '1', '0');
INSERT INTO `dish_flavor` VALUES ('1397851370483658756', '1397851370462687234', '辣度', '[\"不辣\",\"微辣\",\"中辣\",\"重辣\"]', '2022-08-31 11:11:10', '2022-08-31 11:11:10', '1', '1', '0');
INSERT INTO `dish_flavor` VALUES ('1397852391180120065', '1397852391150759938', '忌口', '[\"不要葱\",\"不要香菜\",\"不要辣\"]', '2022-09-02 22:12:25', '2022-09-02 22:12:25', '1565617075123392514', '1565617075123392514', '0');
INSERT INTO `dish_flavor` VALUES ('1397852391196897281', '1397852391150759938', '辣度', '[\"不辣\",\"微辣\",\"重辣\"]', '2022-09-02 22:12:25', '2022-09-02 22:12:25', '1565617075123392514', '1565617075123392514', '0');
INSERT INTO `dish_flavor` VALUES ('1397853183307984898', '1397853183287013378', '辣度', '[\"不辣\",\"微辣\",\"中辣\",\"重辣\"]', '2022-08-31 11:07:27', '2022-08-31 11:07:27', '1', '1', '0');
INSERT INTO `dish_flavor` VALUES ('1397853423486414850', '1397853423461249026', '辣度', '[\"不辣\",\"微辣\",\"中辣\",\"重辣\"]', '2021-05-27 09:53:22', '2021-05-27 09:53:22', '1', '1', '0');
INSERT INTO `dish_flavor` VALUES ('1397853709126905857', '1397853709101740034', '忌口', '[\"不要葱\",\"不要蒜\",\"不要香菜\",\"不要辣\"]', '2022-08-31 11:06:26', '2022-08-31 11:06:26', '1', '1', '0');
INSERT INTO `dish_flavor` VALUES ('1397853890283089922', '1397853890262118402', '辣度', '[\"不辣\",\"微辣\",\"中辣\",\"重辣\"]', '2022-08-31 11:05:19', '2022-08-31 11:05:19', '1', '1', '0');
INSERT INTO `dish_flavor` VALUES ('1397854133632413697', '1397854133603053569', '温度', '[\"热饮\",\"常温\",\"去冰\",\"少冰\",\"多冰\"]', '2021-05-27 09:56:11', '2021-05-27 09:56:11', '1', '1', '0');
INSERT INTO `dish_flavor` VALUES ('1397854652623007745', '1397854652581064706', '忌口', '[\"不要葱\",\"不要蒜\",\"不要香菜\",\"不要辣\"]', '2022-08-31 11:03:58', '2022-08-31 11:03:58', '1', '1', '0');
INSERT INTO `dish_flavor` VALUES ('1397854652635590658', '1397854652581064706', '辣度', '[\"不辣\",\"微辣\",\"中辣\",\"重辣\"]', '2022-08-31 11:03:58', '2022-08-31 11:03:58', '1', '1', '0');
INSERT INTO `dish_flavor` VALUES ('1397854865735593986', '1397854865672679425', '辣度', '[\"不辣\",\"微辣\",\"中辣\",\"重辣\"]', '2022-08-31 11:02:52', '2022-08-31 11:02:52', '1', '1', '0');
INSERT INTO `dish_flavor` VALUES ('1397855742303186946', '1397855742273826817', '辣度', '[\"不辣\",\"微辣\",\"中辣\",\"重辣\"]', '2021-05-27 10:02:35', '2021-05-27 10:02:35', '1', '1', '0');
INSERT INTO `dish_flavor` VALUES ('1397855906497605633', '1397855906468245506', '忌口', '[\"不要葱\",\"不要蒜\",\"不要香菜\",\"不要辣\"]', '2021-05-27 10:03:14', '2021-05-27 10:03:14', '1', '1', '0');
INSERT INTO `dish_flavor` VALUES ('1397856190573621250', '1397856190540066818', '辣度', '[\"不辣\",\"微辣\",\"中辣\",\"重辣\"]', '2021-05-27 10:04:21', '2021-05-27 10:04:21', '1', '1', '0');
INSERT INTO `dish_flavor` VALUES ('1397859056709316609', '1397859056684150785', '辣度', '[\"不辣\",\"微辣\",\"中辣\",\"重辣\"]', '2021-05-27 10:15:45', '2021-05-27 10:15:45', '1', '1', '0');
INSERT INTO `dish_flavor` VALUES ('1397859277837217794', '1397859277812051969', '辣度', '[\"不辣\",\"微辣\",\"中辣\",\"重辣\"]', '2021-05-27 10:16:37', '2021-05-27 10:16:37', '1', '1', '0');
INSERT INTO `dish_flavor` VALUES ('1397859487502086146', '1397859487476920321', '辣度', '[\"不辣\",\"微辣\",\"中辣\",\"重辣\"]', '2021-05-27 10:17:27', '2021-05-27 10:17:27', '1', '1', '0');
INSERT INTO `dish_flavor` VALUES ('1397859757061615618', '1397859757036449794', '甜味', '[\"无糖\",\"少糖\",\"半躺\",\"多糖\",\"全糖\"]', '2021-05-27 10:18:32', '2021-05-27 10:18:32', '1', '1', '0');
INSERT INTO `dish_flavor` VALUES ('1397860242086735874', '1397860242057375745', '辣度', '[\"不辣\",\"微辣\",\"中辣\",\"重辣\"]', '2022-08-31 11:01:30', '2022-08-31 11:01:30', '1', '1', '0');
INSERT INTO `dish_flavor` VALUES ('1397860963918065665', '1397860963880316929', '辣度', '[\"不辣\",\"微辣\",\"中辣\",\"重辣\"]', '2022-08-31 10:57:51', '2022-08-31 10:57:51', '1', '1', '0');
INSERT INTO `dish_flavor` VALUES ('1397861135754506242', '1397861135733534722', '甜味', '[\"无糖\",\"少糖\",\"半躺\",\"多糖\",\"全糖\"]', '2021-05-27 10:24:00', '2021-05-27 10:24:00', '1', '1', '0');
INSERT INTO `dish_flavor` VALUES ('1397861370035744769', '1397861370010578945', '辣度', '[\"不辣\",\"微辣\",\"中辣\",\"重辣\"]', '2021-05-27 10:24:56', '2021-05-27 10:24:56', '1', '1', '0');
INSERT INTO `dish_flavor` VALUES ('1397861683459305474', '1397861683434139649', '忌口', '[\"不要葱\",\"不要蒜\",\"不要香菜\",\"不要辣\"]', '2022-08-31 10:56:37', '2022-08-31 10:56:37', '1', '1', '0');
INSERT INTO `dish_flavor` VALUES ('1397861898467717121', '1397861898438356993', '忌口', '[\"不要葱\",\"不要蒜\",\"不要香菜\",\"不要辣\"]', '2021-05-27 10:27:02', '2021-05-27 10:27:02', '1', '1', '0');
INSERT INTO `dish_flavor` VALUES ('1397862198054268929', '1397862198033297410', '忌口', '[\"不要葱\",\"不要蒜\",\"不要香菜\",\"不要辣\"]', '2022-08-31 10:55:09', '2022-08-31 10:55:09', '1', '1', '0');
INSERT INTO `dish_flavor` VALUES ('1397862477835317250', '1397862477831122945', '辣度', '[\"不辣\",\"微辣\",\"中辣\"]', '2022-08-31 10:53:46', '2022-08-31 10:53:46', '1', '1', '0');
INSERT INTO `dish_flavor` VALUES ('1398089545865015297', '1398089545676271617', '温度', '[\"热饮\",\"常温\",\"去冰\",\"少冰\",\"多冰\"]', '2021-05-28 01:31:38', '2021-05-28 01:31:38', '1', '1', '0');
INSERT INTO `dish_flavor` VALUES ('1398089782323097601', '1398089782285348866', '辣度', '[\"不辣\",\"微辣\",\"中辣\",\"重辣\"]', '2021-05-28 01:32:34', '2021-05-28 01:32:34', '1', '1', '0');
INSERT INTO `dish_flavor` VALUES ('1398090003262255106', '1398090003228700673', '忌口', '[\"不要葱\",\"不要蒜\",\"不要香菜\",\"不要辣\"]', '2021-05-28 01:33:27', '2021-05-28 01:33:27', '1', '1', '0');
INSERT INTO `dish_flavor` VALUES ('1398090264554811394', '1398090264517062657', '忌口', '[\"不要葱\",\"不要蒜\",\"不要香菜\",\"不要辣\"]', '2021-05-28 01:34:29', '2021-05-28 01:34:29', '1', '1', '0');
INSERT INTO `dish_flavor` VALUES ('1398090455399837698', '1398090455324340225', '辣度', '[\"不辣\",\"微辣\",\"中辣\",\"重辣\"]', '2021-05-28 01:35:14', '2021-05-28 01:35:14', '1', '1', '0');
INSERT INTO `dish_flavor` VALUES ('1398090685449023490', '1398090685419663362', '温度', '[\"热饮\",\"常温\",\"去冰\",\"少冰\",\"多冰\"]', '2021-05-28 01:36:09', '2021-05-28 01:36:09', '1', '1', '0');
INSERT INTO `dish_flavor` VALUES ('1398090825358422017', '1398090825329061889', '忌口', '[\"不要葱\",\"不要蒜\",\"不要香菜\",\"不要辣\"]', '2021-05-28 01:36:43', '2021-05-28 01:36:43', '1', '1', '0');
INSERT INTO `dish_flavor` VALUES ('1398091007051476993', '1398091007017922561', '辣度', '[\"不辣\",\"微辣\",\"中辣\",\"重辣\"]', '2021-05-28 01:37:26', '2021-05-28 01:37:26', '1', '1', '0');
INSERT INTO `dish_flavor` VALUES ('1398091296164851713', '1398091296131297281', '辣度', '[\"不辣\",\"微辣\",\"中辣\",\"重辣\"]', '2021-05-28 01:38:35', '2021-05-28 01:38:35', '1', '1', '0');
INSERT INTO `dish_flavor` VALUES ('1398091546531246081', '1398091546480914433', '忌口', '[\"不要葱\",\"不要蒜\",\"不要香菜\",\"不要辣\"]', '2021-05-28 01:39:35', '2021-05-28 01:39:35', '1', '1', '0');
INSERT INTO `dish_flavor` VALUES ('1398091729809747969', '1398091729788776450', '辣度', '[\"不辣\",\"微辣\",\"中辣\",\"重辣\"]', '2021-05-28 01:40:18', '2021-05-28 01:40:18', '1', '1', '0');
INSERT INTO `dish_flavor` VALUES ('1398091889499484161', '1398091889449152513', '辣度', '[\"不辣\",\"微辣\",\"中辣\",\"重辣\"]', '2021-05-28 01:40:56', '2021-05-28 01:40:56', '1', '1', '0');
INSERT INTO `dish_flavor` VALUES ('1398092095179763713', '1398092095142014978', '辣度', '[\"不辣\",\"微辣\",\"中辣\",\"重辣\"]', '2021-05-28 01:41:45', '2021-05-28 01:41:45', '1', '1', '0');
INSERT INTO `dish_flavor` VALUES ('1398092283877306370', '1398092283847946241', '辣度', '[\"不辣\",\"微辣\",\"中辣\",\"重辣\"]', '2021-05-28 01:42:30', '2021-05-28 01:42:30', '1', '1', '0');
INSERT INTO `dish_flavor` VALUES ('1398094018939236354', '1398094018893099009', '辣度', '[\"不辣\",\"微辣\",\"中辣\",\"重辣\"]', '2021-05-28 01:49:24', '2021-05-28 01:49:24', '1', '1', '0');
INSERT INTO `dish_flavor` VALUES ('1398094391494094850', '1398094391456346113', '辣度', '[\"不辣\",\"微辣\",\"中辣\",\"重辣\"]', '2021-05-28 01:50:53', '2021-05-28 01:50:53', '1', '1', '0');
INSERT INTO `dish_flavor` VALUES ('1399574026165727233', '1399305325713600514', '辣度', '[\"不辣\",\"微辣\",\"中辣\",\"重辣\"]', '2021-06-01 03:50:25', '2021-06-01 03:50:25', '1399309715396669441', '1399309715396669441', '0');
INSERT INTO `dish_flavor` VALUES ('1413389540592263169', '1413384757047271425', '温度', '[\"常温\",\"冷藏\"]', '2022-08-31 10:49:34', '2022-08-31 10:49:34', '1', '1', '0');
INSERT INTO `dish_flavor` VALUES ('1516233847572885506', '1516233489270272001', '甜味', '[\"无糖\",\"少糖\",\"半糖\",\"多糖\",\"全糖\"]', '2022-04-19 09:54:54', '2022-04-19 09:54:54', '1', '1', '0');
INSERT INTO `dish_flavor` VALUES ('1516233847572885507', '1516233489270272001', '辣度', '[\"不辣\",\"微辣\",\"中辣\",\"重辣\"]', '2022-04-19 09:54:54', '2022-04-19 09:54:54', '1', '1', '0');
INSERT INTO `dish_flavor` VALUES ('1516233847572885508', '1516233489270272001', '忌口', '[\"不要葱\",\"不要蒜\",\"不要香菜\",\"不要辣\"]', '2022-04-19 09:54:54', '2022-04-19 09:54:54', '1', '1', '0');
INSERT INTO `dish_flavor` VALUES ('1516234967980535810', '1516234945234825218', '辣度', '[\"不辣\",\"微辣\",\"中辣\",\"重辣\"]', '2022-09-01 14:28:40', '2022-09-01 14:28:40', '1', '1', '0');
INSERT INTO `dish_flavor` VALUES ('1516234967980535811', '1516234945234825218', '甜味', '[\"无糖\",\"少糖\",\"半糖\",\"多糖\",\"全糖\"]', '2022-09-01 14:28:40', '2022-09-01 14:28:40', '1', '1', '0');
INSERT INTO `dish_flavor` VALUES ('1516234967980535812', '1516234945234825218', '忌口', '[\"不要葱\",\"不要蒜\",\"不要香菜\",\"不要辣\"]', '2022-09-01 14:28:40', '2022-09-01 14:28:40', '1', '1', '0');
INSERT INTO `dish_flavor` VALUES ('1516235117138374657', '1516234967980535814', '辣度', '[\"不辣\",\"微辣\",\"中辣\",\"重辣\"]', '2022-04-19 09:59:57', '2022-04-19 09:59:57', '1', '1', '0');
INSERT INTO `dish_flavor` VALUES ('1516235117268398082', '1516234967980535814', '甜味', '[\"无糖\",\"少糖\",\"半糖\",\"多糖\",\"全糖\"]', '2022-04-19 09:59:57', '2022-04-19 09:59:57', '1', '1', '0');
INSERT INTO `dish_flavor` VALUES ('1516235117335506946', '1516234967980535814', '忌口', '[\"不要葱\",\"不要蒜\",\"不要香菜\",\"不要辣\"]', '2022-04-19 09:59:57', '2022-04-19 09:59:57', '1', '1', '0');
INSERT INTO `dish_flavor` VALUES ('1516423504017244161', '1516423503891415041', '甜味', '[\"无糖\",\"少糖\",\"半糖\",\"多糖\",\"全糖\"]', '2022-08-28 21:18:15', '2022-08-28 21:18:15', '1', '1', '0');
INSERT INTO `dish_flavor` VALUES ('1516423504017244162', '1516423503891415041', '温度', '[\"热饮\",\"常温\",\"去冰\",\"少冰\",\"多冰\"]', '2022-08-28 21:18:15', '2022-08-28 21:18:15', '1', '1', '0');
INSERT INTO `dish_flavor` VALUES ('1516423504017244163', '1516423503891415041', '忌口', '[\"不要葱\",\"不要蒜\",\"不要香菜\",\"不要辣\"]', '2022-08-28 21:18:15', '2022-08-28 21:18:15', '1', '1', '0');
INSERT INTO `dish_flavor` VALUES ('1563169852922028033', '1563169852892667906', '甜味', '[\"无糖\",\"少糖\",\"半糖\",\"多糖\",\"全糖\"]', '2022-08-27 18:11:02', '2022-08-27 18:11:02', '1', '1', '0');
INSERT INTO `dish_flavor` VALUES ('1563169852922028034', '1563169852892667906', '温度', '[\"热饮\",\"常温\",\"去冰\",\"少冰\",\"多冰\"]', '2022-08-27 18:11:02', '2022-08-27 18:11:02', '1', '1', '0');
INSERT INTO `dish_flavor` VALUES ('1563173208843399171', '1563173208843399170', '温度', '[\"热饮\",\"常温\",\"去冰\",\"少冰\",\"多冰\"]', '2022-08-27 18:11:25', '2022-08-27 18:11:25', '1', '1', '0');
INSERT INTO `dish_flavor` VALUES ('1563173208902119425', '1563173208843399170', '忌口', '[\"不要葱\",\"不要蒜\",\"不要香菜\",\"不要辣\"]', '2022-08-27 18:11:25', '2022-08-27 18:11:25', '1', '1', '0');
INSERT INTO `dish_flavor` VALUES ('1564443813446258691', '1564443813446258690', '辣度', '[\"不辣\",\"微辣\",\"中辣\",\"重辣\"]', '2022-08-31 11:15:53', '2022-08-31 11:15:53', '1', '1', '0');
INSERT INTO `dish_flavor` VALUES ('1564443813446258692', '1564443813446258690', '忌口', '[\"不要葱\",\"不要蒜\",\"不要香菜\",\"不要辣\"]', '2022-08-31 11:15:53', '2022-08-31 11:15:53', '1', '1', '0');
INSERT INTO `dish_flavor` VALUES ('1564808178171187201', '1413342036832100354', '温度', '[\"热饮\",\"常温\",\"去冰\",\"少冰\",\"多冰\"]', '2022-08-31 10:51:57', '2022-08-31 10:51:57', '1', '1', '0');
INSERT INTO `dish_flavor` VALUES ('1564809353108983810', '1397861683434139649', '辣度', '[\"不辣\",\"微辣\",\"中辣\",\"重辣\"]', '2022-08-31 10:56:37', '2022-08-31 10:56:37', '1', '1', '0');
INSERT INTO `dish_flavor` VALUES ('1564809985484197890', '1397860792492666881', '辣度', '[\"不辣\",\"微辣\",\"中辣\",\"重辣\"]', '2022-08-31 10:59:08', '2022-08-31 10:59:08', '1', '1', '0');
INSERT INTO `dish_flavor` VALUES ('1564812801313411074', '1397851668262465537', '', '[]', '2022-08-31 11:10:19', '2022-08-31 11:10:19', '1', '1', '0');

-- ----------------------------
-- Table structure for `employee`
-- ----------------------------
DROP TABLE IF EXISTS `employee`;
CREATE TABLE `employee` (
  `id` bigint NOT NULL COMMENT '主键',
  `name` varchar(32) CHARACTER SET utf8mb3 COLLATE utf8_bin NOT NULL COMMENT '姓名',
  `username` varchar(32) CHARACTER SET utf8mb3 COLLATE utf8_bin NOT NULL COMMENT '用户名',
  `password` varchar(64) CHARACTER SET utf8mb3 COLLATE utf8_bin NOT NULL COMMENT '密码',
  `phone` varchar(11) CHARACTER SET utf8mb3 COLLATE utf8_bin NOT NULL COMMENT '手机号',
  `sex` varchar(2) CHARACTER SET utf8mb3 COLLATE utf8_bin NOT NULL COMMENT '性别',
  `id_number` varchar(18) CHARACTER SET utf8mb3 COLLATE utf8_bin NOT NULL COMMENT '身份证号',
  `status` int NOT NULL DEFAULT '1' COMMENT '状态 0:禁用，1:正常',
  `create_time` datetime NOT NULL COMMENT '创建时间',
  `update_time` datetime NOT NULL COMMENT '更新时间',
  `create_user` bigint NOT NULL COMMENT '创建人',
  `update_user` bigint NOT NULL COMMENT '修改人',
  PRIMARY KEY (`id`) USING BTREE,
  UNIQUE KEY `idx_username` (`username`)
) ENGINE=InnoDB DEFAULT CHARSET=utf8mb3 COLLATE=utf8_bin COMMENT='员工信息';

-- ----------------------------
-- Records of employee
-- ----------------------------
INSERT INTO `employee` VALUES ('1', '管理员', 'admin', 'e10adc3949ba59abbe56e057f20f883e', '13812312312', '1', '110101199001010047', '1', '2021-05-06 17:20:07', '2022-04-19 22:00:18', '1', '1');
INSERT INTO `employee` VALUES ('1515596956452372481', '张三', 'zhangsan', 'e10adc3949ba59abbe56e057f20f883e', '18912341234', '1', '123456789987456321', '1', '2022-04-17 15:44:08', '2022-04-17 21:20:05', '1', '1');
INSERT INTO `employee` VALUES ('1515603241302261761', '李思思', 'user01', 'e10adc3949ba59abbe56e057f20f883e', '18912345678', '0', '123456789987456321', '1', '2022-04-17 16:09:06', '2022-04-19 13:10:42', '1', '1');
INSERT INTO `employee` VALUES ('1515620377059975170', '大朗', 'wuda', 'e10adc3949ba59abbe56e057f20f883e', '13412345678', '1', '987456321123456987', '0', '2022-04-17 17:17:11', '2022-04-19 22:00:55', '1', '1');
INSERT INTO `employee` VALUES ('1515625335402586114', '史密斯', 'Smith', 'e10adc3949ba59abbe56e057f20f883e', '13687456321', '1', '987456321123654789', '1', '2022-04-17 17:36:54', '2022-04-19 13:11:49', '1', '1');
INSERT INTO `employee` VALUES ('1515688768684703745', '亚当斯密', 'user02', 'e10adc3949ba59abbe56e057f20f883e', '15912345678', '0', '123456789963258741', '1', '2022-04-17 21:48:57', '2022-04-19 13:11:11', '1', '1');
INSERT INTO `employee` VALUES ('1515689445536317442', '宋运辉', 'user003', 'e10adc3949ba59abbe56e057f20f883e', '15812361666', '1', '258963147896547123', '1', '2022-04-17 21:51:39', '2022-04-18 10:24:31', '1', '1515620377059975170');
INSERT INTO `employee` VALUES ('1515879467866742786', '雷佳音', 'user04', 'e10adc3949ba59abbe56e057f20f883e', '15612345678', '1', '123456789123654789', '0', '2022-04-18 10:26:43', '2022-04-19 13:10:14', '1515620377059975170', '1');
INSERT INTO `employee` VALUES ('1560622558641131521', '哈哈', 'haha', 'e10adc3949ba59abbe56e057f20f883e', '13388888888', '1', '123456789123456789', '1', '2022-08-19 21:39:48', '2022-08-19 21:39:48', '1', '1');
INSERT INTO `employee` VALUES ('1560639774250102785', '啦啦', 'lala', 'e10adc3949ba59abbe56e057f20f883e', '13390459834', '0', '123456789456789756', '1', '2022-08-19 22:48:12', '2022-08-19 22:48:12', '1', '1');
INSERT INTO `employee` VALUES ('1560639985475252225', '哈哈哈', 'hahaha', 'e10adc3949ba59abbe56e057f20f883e', '18689328967', '1', '678231678231567453', '1', '2022-08-19 22:49:02', '2022-08-19 22:49:02', '1', '1');
INSERT INTO `employee` VALUES ('1560640155894018050', '嘻嘻', 'xixi', 'e10adc3949ba59abbe56e057f20f883e', '13389893223', '1', '879123978123789123', '1', '2022-08-19 22:49:43', '2022-08-19 22:49:43', '1', '1');
INSERT INTO `employee` VALUES ('1560640247485034497', '嘻嘻嘻xi', 'xixixi', 'e10adc3949ba59abbe56e057f20f883e', '13378327832', '1', '789231978231789312', '1', '2022-08-19 22:50:05', '2022-08-21 09:53:07', '1', '1');
INSERT INTO `employee` VALUES ('1560838506522460162', 'uuu', 'uuu', 'e10adc3949ba59abbe56e057f20f883e', '13398238923', '1', '098123809231890435', '1', '2022-08-20 11:57:54', '2022-08-20 12:10:24', '1', '1');
INSERT INTO `employee` VALUES ('1561172247472054273', '啦啦啦啦', 'lalalala', 'e10adc3949ba59abbe56e057f20f883e', '15589328923', '0', '321908678456231678', '1', '2022-08-21 10:04:04', '2022-08-21 10:50:31', '1', '1');
INSERT INTO `employee` VALUES ('1561184035689205762', '嘻嘻嘻嘻', 'xixixixi', 'e10adc3949ba59abbe56e057f20f883e', '15578327832', '1', '789231789231567789', '1', '2022-08-21 10:50:54', '2022-08-21 10:50:54', '1', '1');
INSERT INTO `employee` VALUES ('1561184148746670081', '嘻嘻嘻嘻嘻', 'xixixixixi', 'e10adc3949ba59abbe56e057f20f883e', '15567326723', '1', '678123867231678213', '1', '2022-08-21 10:51:21', '2022-08-21 10:51:21', '1', '1');

-- ----------------------------
-- Table structure for `order_detail`
-- ----------------------------
DROP TABLE IF EXISTS `order_detail`;
CREATE TABLE `order_detail` (
  `id` bigint NOT NULL COMMENT '主键',
  `name` varchar(50) CHARACTER SET utf8mb3 COLLATE utf8_bin DEFAULT NULL COMMENT '名字',
  `image` varchar(100) CHARACTER SET utf8mb3 COLLATE utf8_bin DEFAULT NULL COMMENT '图片',
  `order_id` bigint NOT NULL COMMENT '订单id',
  `dish_id` bigint DEFAULT NULL COMMENT '菜品id',
  `setmeal_id` bigint DEFAULT NULL COMMENT '套餐id',
  `dish_flavor` varchar(50) CHARACTER SET utf8mb3 COLLATE utf8_bin DEFAULT NULL COMMENT '口味',
  `number` int NOT NULL DEFAULT '1' COMMENT '数量',
  `amount` decimal(10,2) NOT NULL COMMENT '金额',
  `is_deleted` int DEFAULT '0' COMMENT '逻辑删除',
  PRIMARY KEY (`id`) USING BTREE
) ENGINE=InnoDB DEFAULT CHARSET=utf8mb3 COLLATE=utf8_bin COMMENT='订单明细表';

-- ----------------------------
-- Records of order_detail
-- ----------------------------
INSERT INTO `order_detail` VALUES ('1566406465382780930', '组庵鱼翅', '0e53d63a-d75b-451a-a13e-2e6157edfa58.png', '1566406465366003713', '1397850392090947585', null, '中辣', '1', '26.00', '0');
INSERT INTO `order_detail` VALUES ('1566406465382780931', '毛氏红烧肉', 'c1ed0a59-9bc7-433a-af63-c3672db3662c.png', '1566406465366003713', '1397850140982161409', null, '不要蒜,中辣', '1', '48.00', '0');
INSERT INTO `order_detail` VALUES ('1566406465382780932', '王老吉', 'fcd1566a-33be-4aa3-9c6d-d6376022b934.png', '1566406465366003713', '1413384757047271425', null, '冷藏', '3', '3.50', '0');
INSERT INTO `order_detail` VALUES ('1566406465382780933', '米饭', '9fd87efc-5688-49fd-b9af-85558655a93a.png', '1566406465366003713', '1413385247889891330', null, null, '1', '1.50', '0');
INSERT INTO `order_detail` VALUES ('1566406465382780934', '米饭', '9fd87efc-5688-49fd-b9af-85558655a93a.png', '1566406465366003713', '1413385247889891330', null, null, '1', '1.50', '0');
INSERT INTO `order_detail` VALUES ('1566412092557496322', '辣子鸡丁', 'd5ed4aaa-b99a-4555-85a8-b3e126e94cfe.png', '1566412092494581761', '1397852391150759938', null, '不要香菜,微辣', '1', '32.00', '0');
INSERT INTO `order_detail` VALUES ('1566412092557496323', '蒜泥白肉', '460fa9fc-3272-402a-8128-d38491f2a32f.png', '1566412092494581761', '1397853709101740034', null, '不要香菜', '1', '58.00', '0');
INSERT INTO `order_detail` VALUES ('1566412092557496324', '米饭', '9fd87efc-5688-49fd-b9af-85558655a93a.png', '1566412092494581761', '1413385247889891330', null, null, '1', '1.50', '0');
INSERT INTO `order_detail` VALUES ('1566412092557496325', '米饭', '9fd87efc-5688-49fd-b9af-85558655a93a.png', '1566412092494581761', '1413385247889891330', null, null, '1', '1.50', '0');
INSERT INTO `order_detail` VALUES ('1566412092557496326', '米饭', '9fd87efc-5688-49fd-b9af-85558655a93a.png', '1566412092494581761', '1413385247889891330', null, null, '1', '1.50', '0');
INSERT INTO `order_detail` VALUES ('1566412092557496327', '北冰洋', '67b21432-4524-4663-9e72-a9313b2c226c.png', '1566412092494581761', '1413342036832100354', null, '少冰', '1', '4.00', '0');
INSERT INTO `order_detail` VALUES ('1566413686200078339', '白切鸡', '0ec5f333-70fe-456e-950f-ea051a20cb3b.png', '1566413686200078338', '1397860578738352129', null, null, '1', '36.00', '0');
INSERT INTO `order_detail` VALUES ('1566413686200078340', '老火靓汤', 'a0cf73a1-51fa-4ff7-97f0-d48e687bccc8.png', '1566413686200078338', '1397862198033297410', null, '不要香菜', '1', '16.00', '0');
INSERT INTO `order_detail` VALUES ('1566413686200078341', '上汤焗龙虾', '74aee4aa-0905-4275-a019-5ed2a6253baa.png', '1566413686200078338', '1397862477831122945', null, '微辣', '1', '28.00', '0');
INSERT INTO `order_detail` VALUES ('1566413686200078342', '米饭', '9fd87efc-5688-49fd-b9af-85558655a93a.png', '1566413686200078338', '1413385247889891330', null, null, '1', '1.50', '0');
INSERT INTO `order_detail` VALUES ('1566413686200078343', '米饭', '9fd87efc-5688-49fd-b9af-85558655a93a.png', '1566413686200078338', '1413385247889891330', null, null, '1', '1.50', '0');
INSERT INTO `order_detail` VALUES ('1566413686200078344', '北冰洋', '67b21432-4524-4663-9e72-a9313b2c226c.png', '1566413686200078338', '1413342036832100354', null, '常温', '1', '4.00', '0');

-- ----------------------------
-- Table structure for `orders`
-- ----------------------------
DROP TABLE IF EXISTS `orders`;
CREATE TABLE `orders` (
  `id` bigint NOT NULL COMMENT '主键',
  `number` varchar(50) CHARACTER SET utf8mb3 COLLATE utf8_bin DEFAULT NULL COMMENT '订单号',
  `status` int NOT NULL DEFAULT '1' COMMENT '订单状态 1待付款，2待派送，3已派送，4已完成，5已取消',
  `user_id` bigint NOT NULL COMMENT '下单用户',
  `address_book_id` bigint NOT NULL COMMENT '地址id',
  `order_time` datetime NOT NULL COMMENT '下单时间',
  `checkout_time` datetime NOT NULL COMMENT '结账时间',
  `pay_method` int NOT NULL DEFAULT '1' COMMENT '支付方式 1微信,2支付宝',
  `amount` decimal(10,2) NOT NULL COMMENT '实收金额',
  `remark` varchar(100) CHARACTER SET utf8mb3 COLLATE utf8_bin DEFAULT NULL COMMENT '备注',
  `phone` varchar(255) CHARACTER SET utf8mb3 COLLATE utf8_bin DEFAULT NULL,
  `address` varchar(255) CHARACTER SET utf8mb3 COLLATE utf8_bin DEFAULT NULL,
  `user_name` varchar(255) CHARACTER SET utf8mb3 COLLATE utf8_bin DEFAULT NULL,
  `consignee` varchar(255) CHARACTER SET utf8mb3 COLLATE utf8_bin DEFAULT NULL,
  `is_deleted` int DEFAULT '0' COMMENT '逻辑删除',
  PRIMARY KEY (`id`) USING BTREE
) ENGINE=InnoDB DEFAULT CHARSET=utf8mb3 COLLATE=utf8_bin COMMENT='订单表';

-- ----------------------------
-- Records of orders
-- ----------------------------
INSERT INTO `orders` VALUES ('1566406465366003713', '1566406465366003713', '4', '1565617075123392514', '1565617657892573185', '2022-09-04 20:42:58', '2022-09-04 20:42:58', '1', '86.00', '饿了，麻烦送快点', '13312345678', '18栋', null, '李四', '0');
INSERT INTO `orders` VALUES ('1566412092494581761', '1566412092494581761', '3', '1565617075123392514', '1565617573624811521', '2022-09-04 21:05:20', '2022-09-04 21:05:20', '2', '97.00', '好吃', '15512345678', '18栋', '陈喜喜', '张三', '0');
INSERT INTO `orders` VALUES ('1566413686200078338', '1566413686200078338', '2', '1565617075123392514', '1565617573624811521', '2022-09-04 21:11:40', '2022-09-04 21:11:40', '1', '86.00', '', '15512345678', '18栋', '陈喜喜', '张三', '0');

-- ----------------------------
-- Table structure for `setmeal`
-- ----------------------------
DROP TABLE IF EXISTS `setmeal`;
CREATE TABLE `setmeal` (
  `id` bigint NOT NULL COMMENT '主键',
  `category_id` bigint NOT NULL COMMENT '菜品分类id',
  `name` varchar(64) CHARACTER SET utf8mb3 COLLATE utf8_bin NOT NULL COMMENT '套餐名称',
  `price` decimal(10,2) NOT NULL COMMENT '套餐价格',
  `status` int DEFAULT NULL COMMENT '状态 0:停用 1:启用',
  `code` varchar(32) CHARACTER SET utf8mb3 COLLATE utf8_bin DEFAULT NULL COMMENT '编码',
  `description` varchar(512) CHARACTER SET utf8mb3 COLLATE utf8_bin DEFAULT NULL COMMENT '描述信息',
  `image` varchar(255) CHARACTER SET utf8mb3 COLLATE utf8_bin DEFAULT NULL COMMENT '图片',
  `create_time` datetime NOT NULL COMMENT '创建时间',
  `update_time` datetime NOT NULL COMMENT '更新时间',
  `create_user` bigint NOT NULL COMMENT '创建人',
  `update_user` bigint NOT NULL COMMENT '修改人',
  `is_deleted` int NOT NULL DEFAULT '0' COMMENT '是否删除',
  PRIMARY KEY (`id`) USING BTREE,
  UNIQUE KEY `idx_setmeal_name` (`name`)
) ENGINE=InnoDB DEFAULT CHARSET=utf8mb3 COLLATE=utf8_bin COMMENT='套餐';

-- ----------------------------
-- Records of setmeal
-- ----------------------------
INSERT INTO `setmeal` VALUES ('1415580119015145474', '1413386191767674881', '儿童套餐A计划', '4000.00', '1', '', '', '61d20592-b37f-4d72-a864-07ad5bb8f3bb.jpg', '2021-07-15 15:52:55', '2022-08-31 11:19:07', '1415576781934608386', '1', '0');
INSERT INTO `setmeal` VALUES ('1516369910723248130', '1516361191348248577', '榴莲披萨套餐', '5000.00', '1', '', '披萨套餐，Number One！', '9a5ccf56-e8c3-413e-a5ba-d742db93dc93.png', '2022-04-19 18:55:34', '2022-09-03 15:58:26', '1', '1565617075123392514', '0');
INSERT INTO `setmeal` VALUES ('1564525191986786305', '1516353794261180417', '单人套餐', '1800.00', '1', '', '单人套餐', 'b6c43151-2006-4320-8203-c95376529673.jpg', '2022-08-30 16:07:28', '2022-08-30 16:58:44', '1', '1', '1');

-- ----------------------------
-- Table structure for `setmeal_dish`
-- ----------------------------
DROP TABLE IF EXISTS `setmeal_dish`;
CREATE TABLE `setmeal_dish` (
  `id` bigint NOT NULL COMMENT '主键',
  `setmeal_id` varchar(32) CHARACTER SET utf8mb3 COLLATE utf8_bin NOT NULL COMMENT '套餐id ',
  `dish_id` varchar(32) CHARACTER SET utf8mb3 COLLATE utf8_bin NOT NULL COMMENT '菜品id',
  `name` varchar(32) CHARACTER SET utf8mb3 COLLATE utf8_bin DEFAULT NULL COMMENT '菜品名称 （冗余字段）',
  `price` decimal(10,2) DEFAULT NULL COMMENT '菜品原价（冗余字段）',
  `copies` int NOT NULL COMMENT '份数',
  `sort` int NOT NULL DEFAULT '0' COMMENT '排序',
  `create_time` datetime NOT NULL COMMENT '创建时间',
  `update_time` datetime NOT NULL COMMENT '更新时间',
  `create_user` bigint NOT NULL COMMENT '创建人',
  `update_user` bigint NOT NULL COMMENT '修改人',
  `is_deleted` int NOT NULL DEFAULT '0' COMMENT '是否删除',
  PRIMARY KEY (`id`) USING BTREE
) ENGINE=InnoDB DEFAULT CHARSET=utf8mb3 COLLATE=utf8_bin COMMENT='套餐菜品关系';

-- ----------------------------
-- Records of setmeal_dish
-- ----------------------------
INSERT INTO `setmeal_dish` VALUES ('1415580119052894209', '1415580119015145474', '1397862198033297410', '老火靓汤', '49800.00', '1', '0', '2021-07-15 15:52:55', '2021-07-15 15:52:55', '1415576781934608386', '1415576781934608386', '1');
INSERT INTO `setmeal_dish` VALUES ('1415580119061282817', '1415580119015145474', '1413342036832100354', '北冰洋', '500.00', '1', '0', '2021-07-15 15:52:55', '2021-07-15 15:52:55', '1415576781934608386', '1415576781934608386', '1');
INSERT INTO `setmeal_dish` VALUES ('1415580119069671426', '1415580119015145474', '1413385247889891330', '米饭', '200.00', '1', '0', '2021-07-15 15:52:55', '2021-07-15 15:52:55', '1415576781934608386', '1415576781934608386', '1');
INSERT INTO `setmeal_dish` VALUES ('1516369911117512705', '1516369910723248130', '1413342036832100354', '北冰洋', '500.00', '1', '0', '2022-04-19 18:55:34', '2022-04-19 18:55:34', '1', '1', '1');
INSERT INTO `setmeal_dish` VALUES ('1516369911117512706', '1516369910723248130', '1413385247889891330', '米饭', '200.00', '1', '0', '2022-04-19 18:55:34', '2022-04-19 18:55:34', '1', '1', '1');
INSERT INTO `setmeal_dish` VALUES ('1516369911117512707', '1516369910723248130', '1397852391150759938', '辣子鸡丁', '8800.00', '1', '0', '2022-04-19 18:55:34', '2022-04-19 18:55:34', '1', '1', '1');
INSERT INTO `setmeal_dish` VALUES ('1516369911117512708', '1516369910723248130', '1397853709101740034', '蒜泥白肉', '9800.00', '1', '0', '2022-04-19 18:55:34', '2022-04-19 18:55:34', '1', '1', '1');
INSERT INTO `setmeal_dish` VALUES ('1564525192032923650', '1564525191986786305', '1413385247889891330', '米饭', '200.00', '1', '0', '2022-08-30 16:07:28', '2022-08-30 16:07:28', '1', '1', '1');
INSERT INTO `setmeal_dish` VALUES ('1564525192032923651', '1564525191986786305', '1564443813446258690', '赣南小炒鱼', '2500.00', '1', '0', '2022-08-30 16:07:28', '2022-08-30 16:07:28', '1', '1', '1');
INSERT INTO `setmeal_dish` VALUES ('1564533219578454018', '1564525191986786305', '1413385247889891330', '米饭', '200.00', '1', '0', '2022-08-30 16:39:22', '2022-08-30 16:39:22', '1', '1', '0');
INSERT INTO `setmeal_dish` VALUES ('1564533219578454019', '1564525191986786305', '1564443813446258690', '赣南小炒鱼', '2500.00', '1', '0', '2022-08-30 16:39:22', '2022-08-30 16:39:22', '1', '1', '0');
INSERT INTO `setmeal_dish` VALUES ('1564815016052707329', '1415580119015145474', '1413385247889891330', '米饭', '150.00', '1', '0', '2022-08-31 11:19:07', '2022-08-31 11:19:07', '1', '1', '0');
INSERT INTO `setmeal_dish` VALUES ('1565972468957810689', '1516369910723248130', '1413342036832100354', '北冰洋', '500.00', '1', '0', '2022-09-03 15:58:26', '2022-09-03 15:58:26', '1565617075123392514', '1565617075123392514', '0');
INSERT INTO `setmeal_dish` VALUES ('1565972468957810690', '1516369910723248130', '1413385247889891330', '米饭', '200.00', '1', '0', '2022-09-03 15:58:26', '2022-09-03 15:58:26', '1565617075123392514', '1565617075123392514', '0');
INSERT INTO `setmeal_dish` VALUES ('1565972468957810691', '1516369910723248130', '1397852391150759938', '辣子鸡丁', '8800.00', '1', '0', '2022-09-03 15:58:26', '2022-09-03 15:58:26', '1565617075123392514', '1565617075123392514', '0');
INSERT INTO `setmeal_dish` VALUES ('1565972468957810692', '1516369910723248130', '1397853709101740034', '蒜泥白肉', '9800.00', '1', '0', '2022-09-03 15:58:26', '2022-09-03 15:58:26', '1565617075123392514', '1565617075123392514', '0');

-- ----------------------------
-- Table structure for `shopping_cart`
-- ----------------------------
DROP TABLE IF EXISTS `shopping_cart`;
CREATE TABLE `shopping_cart` (
  `id` bigint NOT NULL COMMENT '主键',
  `name` varchar(50) CHARACTER SET utf8mb3 COLLATE utf8_bin DEFAULT NULL COMMENT '名称',
  `image` varchar(100) CHARACTER SET utf8mb3 COLLATE utf8_bin DEFAULT NULL COMMENT '图片',
  `user_id` bigint NOT NULL COMMENT '主键',
  `dish_id` bigint DEFAULT NULL COMMENT '菜品id',
  `setmeal_id` bigint DEFAULT NULL COMMENT '套餐id',
  `dish_flavor` varchar(50) CHARACTER SET utf8mb3 COLLATE utf8_bin DEFAULT NULL COMMENT '口味',
  `number` int NOT NULL DEFAULT '1' COMMENT '数量',
  `amount` decimal(10,2) NOT NULL COMMENT '金额',
  `create_time` datetime DEFAULT NULL COMMENT '创建时间',
  `update_time` datetime DEFAULT NULL COMMENT '更新时间',
  PRIMARY KEY (`id`) USING BTREE
) ENGINE=InnoDB DEFAULT CHARSET=utf8mb3 COLLATE=utf8_bin COMMENT='购物车';

-- ----------------------------
-- Records of shopping_cart
-- ----------------------------
INSERT INTO `shopping_cart` VALUES ('1566419270341345281', '米饭', '9fd87efc-5688-49fd-b9af-85558655a93a.png', '1565617075123392514', '1413385247889891330', null, null, '1', '1.50', '2022-09-04 21:33:51', '2022-09-04 21:33:51');
INSERT INTO `shopping_cart` VALUES ('1566419270962102274', '米饭', '9fd87efc-5688-49fd-b9af-85558655a93a.png', '1565617075123392514', '1413385247889891330', null, null, '1', '1.50', '2022-09-04 21:33:52', '2022-09-04 21:33:52');
INSERT INTO `shopping_cart` VALUES ('1566419287621877762', '王老吉', 'fcd1566a-33be-4aa3-9c6d-d6376022b934.png', '1565617075123392514', '1413384757047271425', null, '冷藏', '2', '3.50', '2022-09-04 21:33:55', '2022-09-04 21:33:59');
INSERT INTO `shopping_cart` VALUES ('1566419373764493314', '赣南小炒鱼', '973950d9-0d7d-4767-84e0-0dc4956ca402.png', '1565617075123392514', '1564443813446258690', null, '中辣,不要香菜', '1', '25.00', '2022-09-04 21:34:16', '2022-09-04 21:34:16');
INSERT INTO `shopping_cart` VALUES ('1566419392609501185', '辣子鸡丁', 'd5ed4aaa-b99a-4555-85a8-b3e126e94cfe.png', '1565617075123392514', '1397852391150759938', null, '不要香菜,微辣', '1', '32.00', '2022-09-04 21:34:21', '2022-09-04 21:34:21');
INSERT INTO `shopping_cart` VALUES ('1566419458673983489', '老火靓汤', 'a0cf73a1-51fa-4ff7-97f0-d48e687bccc8.png', '1565617075123392514', '1397862198033297410', null, '不要香菜', '2', '16.00', '2022-09-04 21:34:36', '2022-09-04 21:34:39');

-- ----------------------------
-- Table structure for `user`
-- ----------------------------
DROP TABLE IF EXISTS `user`;
CREATE TABLE `user` (
  `id` bigint NOT NULL COMMENT '主键',
  `name` varchar(50) CHARACTER SET utf8mb3 COLLATE utf8_bin DEFAULT NULL COMMENT '姓名',
  `phone` varchar(100) CHARACTER SET utf8mb3 COLLATE utf8_bin NOT NULL COMMENT '手机号',
  `sex` varchar(2) CHARACTER SET utf8mb3 COLLATE utf8_bin DEFAULT NULL COMMENT '性别',
  `id_number` varchar(18) CHARACTER SET utf8mb3 COLLATE utf8_bin DEFAULT NULL COMMENT '身份证号',
  `avatar` varchar(500) CHARACTER SET utf8mb3 COLLATE utf8_bin DEFAULT NULL COMMENT '头像',
  `status` int DEFAULT '0' COMMENT '状态 0:禁用，1:正常',
  PRIMARY KEY (`id`) USING BTREE
) ENGINE=InnoDB DEFAULT CHARSET=utf8mb3 COLLATE=utf8_bin COMMENT='用户信息';

-- ----------------------------
-- Records of user
-- ----------------------------
INSERT INTO `user` VALUES ('1565617075123392514', '嘻嘻', '244665429@qq.com', null, null, null, '1');
